63,Male,typical angina,145,233,TRUE,lv hypertrophy,150,FALSE,2.3,downsloping,0,fixed defect,0
67,Male,asymptomatic,160,286,FALSE,lv hypertrophy,108,TRUE,1.5,flat,3,normal,2
67,Male,asymptomatic,120,229,FALSE,lv hypertrophy,129,TRUE,2.6,flat,2,reversable defect,1
37,Male,non-anginal,130,250,FALSE,normal,187,FALSE,3.5,downsloping,0,normal,0
41,Female,atypical angina,130,204,FALSE,lv hypertrophy,172,FALSE,1.4,upsloping,0,normal,0
56,Male,atypical angina,120,236,FALSE,normal,178,FALSE,0.8,upsloping,0,normal,0
62,Female,asymptomatic,140,268,FALSE,lv hypertrophy,160,FALSE,3.6,downsloping,2,normal,3
57,Female,asymptomatic,120,354,FALSE,normal,163,TRUE,0.6,upsloping,0,normal,0
63,Male,asymptomatic,130,254,FALSE,lv hypertrophy,147,FALSE,1.4,flat,1,reversable defect,2
53,Male,asymptomatic,140,203,TRUE,lv hypertrophy,155,TRUE,3.1,downsloping,0,reversable defect,1
57,Male,asymptomatic,140,192,FALSE,normal,148,FALSE,0.4,flat,0,fixed defect,0
56,Female,atypical angina,140,294,FALSE,lv hypertrophy,153,FALSE,1.3,flat,0,normal,0
56,Male,non-anginal,130,256,TRUE,lv hypertrophy,142,TRUE,0.6,flat,1,fixed defect,2
44,Male,atypical angina,120,263,FALSE,normal,173,FALSE,0,upsloping,0,reversable defect,0
52,Male,non-anginal,172,199,TRUE,normal,162,FALSE,0.5,upsloping,0,reversable defect,0
57,Male,non-anginal,150,168,FALSE,normal,174,FALSE,1.6,upsloping,0,normal,0
48,Male,atypical angina,110,229,FALSE,normal,168,FALSE,1,downsloping,0,reversable defect,1
54,Male,asymptomatic,140,239,FALSE,normal,160,FALSE,1.2,upsloping,0,normal,0
48,Female,non-anginal,130,275,FALSE,normal,139,FALSE,0.2,upsloping,0,normal,0
49,Male,atypical angina,130,266,FALSE,normal,171,FALSE,0.6,upsloping,0,normal,0
64,Male,typical angina,110,211,FALSE,lv hypertrophy,144,TRUE,1.8,flat,0,normal,0
58,Female,typical angina,150,283,TRUE,lv hypertrophy,162,FALSE,1,upsloping,0,normal,0
58,Male,atypical angina,120,284,FALSE,lv hypertrophy,160,FALSE,1.8,flat,0,normal,1
58,Male,non-anginal,132,224,FALSE,lv hypertrophy,173,FALSE,3.2,upsloping,2,reversable defect,3
60,Male,asymptomatic,130,206,FALSE,lv hypertrophy,132,TRUE,2.4,flat,2,reversable defect,4
50,Female,non-anginal,120,219,FALSE,normal,158,FALSE,1.6,flat,0,normal,0
58,Female,non-anginal,120,340,FALSE,normal,172,FALSE,0,upsloping,0,normal,0
66,Female,typical angina,150,226,FALSE,normal,114,FALSE,2.6,downsloping,0,normal,0
43,Male,asymptomatic,150,247,FALSE,normal,171,FALSE,1.5,upsloping,0,normal,0
40,Male,asymptomatic,110,167,FALSE,lv hypertrophy,114,TRUE,2,flat,0,reversable defect,3
69,Female,typical angina,140,239,FALSE,normal,151,FALSE,1.8,upsloping,2,normal,0
60,Male,asymptomatic,117,230,TRUE,normal,160,TRUE,1.4,upsloping,2,reversable defect,2
64,Male,non-anginal,140,335,FALSE,normal,158,FALSE,0,upsloping,0,normal,1
59,Male,asymptomatic,135,234,FALSE,normal,161,FALSE,0.5,flat,0,reversable defect,0
44,Male,non-anginal,130,233,FALSE,normal,179,TRUE,0.4,upsloping,0,normal,0
42,Male,asymptomatic,140,226,FALSE,normal,178,FALSE,0,upsloping,0,normal,0
43,Male,asymptomatic,120,177,FALSE,lv hypertrophy,120,TRUE,2.5,flat,0,reversable defect,3
57,Male,asymptomatic,150,276,FALSE,lv hypertrophy,112,TRUE,0.6,flat,1,fixed defect,1
55,Male,asymptomatic,132,353,FALSE,normal,132,TRUE,1.2,flat,1,reversable defect,3
61,Male,non-anginal,150,243,TRUE,normal,137,TRUE,1,flat,0,normal,0
65,Female,asymptomatic,150,225,FALSE,lv hypertrophy,114,FALSE,1,flat,3,reversable defect,4
40,Male,typical angina,140,199,FALSE,normal,178,TRUE,1.4,upsloping,0,reversable defect,0
71,Female,atypical angina,160,302,FALSE,normal,162,FALSE,0.4,upsloping,2,normal,0
59,Male,non-anginal,150,212,TRUE,normal,157,FALSE,1.6,upsloping,0,normal,0
61,Female,asymptomatic,130,330,FALSE,lv hypertrophy,169,FALSE,0,upsloping,0,normal,1
58,Male,non-anginal,112,230,FALSE,lv hypertrophy,165,FALSE,2.5,flat,1,reversable defect,4
51,Male,non-anginal,110,175,FALSE,normal,123,FALSE,0.6,upsloping,0,normal,0
50,Male,asymptomatic,150,243,FALSE,lv hypertrophy,128,FALSE,2.6,flat,0,reversable defect,4
65,Female,non-anginal,140,417,TRUE,lv hypertrophy,157,FALSE,0.8,upsloping,1,normal,0
53,Male,non-anginal,130,197,TRUE,lv hypertrophy,152,FALSE,1.2,downsloping,0,normal,0
41,Female,atypical angina,105,198,FALSE,normal,168,FALSE,0,upsloping,1,normal,0
65,Male,asymptomatic,120,177,FALSE,normal,140,FALSE,0.4,upsloping,0,reversable defect,0
44,Male,asymptomatic,112,290,FALSE,lv hypertrophy,153,FALSE,0,upsloping,1,normal,2
44,Male,atypical angina,130,219,FALSE,lv hypertrophy,188,FALSE,0,upsloping,0,normal,0
60,Male,asymptomatic,130,253,FALSE,normal,144,TRUE,1.4,upsloping,1,reversable defect,1
54,Male,asymptomatic,124,266,FALSE,lv hypertrophy,109,TRUE,2.2,flat,1,reversable defect,1
50,Male,non-anginal,140,233,FALSE,normal,163,FALSE,0.6,flat,1,reversable defect,1
41,Male,asymptomatic,110,172,FALSE,lv hypertrophy,158,FALSE,0,upsloping,0,reversable defect,1
54,Male,non-anginal,125,273,FALSE,lv hypertrophy,152,FALSE,0.5,downsloping,1,normal,0
51,Male,typical angina,125,213,FALSE,lv hypertrophy,125,TRUE,1.4,upsloping,1,normal,0
51,Female,asymptomatic,130,305,FALSE,normal,142,TRUE,1.2,flat,0,reversable defect,2
46,Female,non-anginal,142,177,FALSE,lv hypertrophy,160,TRUE,1.4,downsloping,0,normal,0
58,Male,asymptomatic,128,216,FALSE,lv hypertrophy,131,TRUE,2.2,flat,3,reversable defect,1
54,Female,non-anginal,135,304,TRUE,normal,170,FALSE,0,upsloping,0,normal,0
54,Male,asymptomatic,120,188,FALSE,normal,113,FALSE,1.4,flat,1,reversable defect,2
60,Male,asymptomatic,145,282,FALSE,lv hypertrophy,142,TRUE,2.8,flat,2,reversable defect,2
60,Male,non-anginal,140,185,FALSE,lv hypertrophy,155,FALSE,3,flat,0,normal,1
54,Male,non-anginal,150,232,FALSE,lv hypertrophy,165,FALSE,1.6,upsloping,0,reversable defect,0
59,Male,asymptomatic,170,326,FALSE,lv hypertrophy,140,TRUE,3.4,downsloping,0,reversable defect,2
46,Male,non-anginal,150,231,FALSE,normal,147,FALSE,3.6,flat,0,normal,1
65,Female,non-anginal,155,269,FALSE,normal,148,FALSE,0.8,upsloping,0,normal,0
67,Male,asymptomatic,125,254,TRUE,normal,163,FALSE,0.2,flat,2,reversable defect,3
62,Male,asymptomatic,120,267,FALSE,normal,99,TRUE,1.8,flat,2,reversable defect,1
65,Male,asymptomatic,110,248,FALSE,lv hypertrophy,158,FALSE,0.6,upsloping,2,fixed defect,1
44,Male,asymptomatic,110,197,FALSE,lv hypertrophy,177,FALSE,0,upsloping,1,normal,1
65,Female,non-anginal,160,360,FALSE,lv hypertrophy,151,FALSE,0.8,upsloping,0,normal,0
60,Male,asymptomatic,125,258,FALSE,lv hypertrophy,141,TRUE,2.8,flat,1,reversable defect,1
51,Female,non-anginal,140,308,FALSE,lv hypertrophy,142,FALSE,1.5,upsloping,1,normal,0
48,Male,atypical angina,130,245,FALSE,lv hypertrophy,180,FALSE,0.2,flat,0,normal,0
58,Male,asymptomatic,150,270,FALSE,lv hypertrophy,111,TRUE,0.8,upsloping,0,reversable defect,3
45,Male,asymptomatic,104,208,FALSE,lv hypertrophy,148,TRUE,3,flat,0,normal,0
53,Female,asymptomatic,130,264,FALSE,lv hypertrophy,143,FALSE,0.4,flat,0,normal,0
39,Male,non-anginal,140,321,FALSE,lv hypertrophy,182,FALSE,0,upsloping,0,normal,0
68,Male,non-anginal,180,274,TRUE,lv hypertrophy,150,TRUE,1.6,flat,0,reversable defect,3
52,Male,atypical angina,120,325,FALSE,normal,172,FALSE,0.2,upsloping,0,normal,0
44,Male,non-anginal,140,235,FALSE,lv hypertrophy,180,FALSE,0,upsloping,0,normal,0
47,Male,non-anginal,138,257,FALSE,lv hypertrophy,156,FALSE,0,upsloping,0,normal,0
53,Female,asymptomatic,138,234,FALSE,lv hypertrophy,160,FALSE,0,upsloping,0,normal,0
51,Female,non-anginal,130,256,FALSE,lv hypertrophy,149,FALSE,0.5,upsloping,0,normal,0
66,Male,asymptomatic,120,302,FALSE,lv hypertrophy,151,FALSE,0.4,flat,0,normal,0
62,Female,asymptomatic,160,164,FALSE,lv hypertrophy,145,FALSE,6.2,downsloping,3,reversable defect,3
62,Male,non-anginal,130,231,FALSE,normal,146,FALSE,1.8,flat,3,reversable defect,0
44,Female,non-anginal,108,141,FALSE,normal,175,FALSE,0.6,flat,0,normal,0
63,Female,non-anginal,135,252,FALSE,lv hypertrophy,172,FALSE,0,upsloping,0,normal,0
52,Male,asymptomatic,128,255,FALSE,normal,161,TRUE,0,upsloping,1,reversable defect,1
59,Male,asymptomatic,110,239,FALSE,lv hypertrophy,142,TRUE,1.2,flat,1,reversable defect,2
60,Female,asymptomatic,150,258,FALSE,lv hypertrophy,157,FALSE,2.6,flat,2,reversable defect,3
52,Male,atypical angina,134,201,FALSE,normal,158,FALSE,0.8,upsloping,1,normal,0
48,Male,asymptomatic,122,222,FALSE,lv hypertrophy,186,FALSE,0,upsloping,0,normal,0
45,Male,asymptomatic,115,260,FALSE,lv hypertrophy,185,FALSE,0,upsloping,0,normal,0
34,Male,typical angina,118,182,FALSE,lv hypertrophy,174,FALSE,0,upsloping,0,normal,0
57,Female,asymptomatic,128,303,FALSE,lv hypertrophy,159,FALSE,0,upsloping,1,normal,0
71,Female,non-anginal,110,265,TRUE,lv hypertrophy,130,FALSE,0,upsloping,1,normal,0
49,Male,non-anginal,120,188,FALSE,normal,139,FALSE,2,flat,3,reversable defect,3
54,Male,atypical angina,108,309,FALSE,normal,156,FALSE,0,upsloping,0,reversable defect,0
59,Male,asymptomatic,140,177,FALSE,normal,162,TRUE,0,upsloping,1,reversable defect,2
57,Male,non-anginal,128,229,FALSE,lv hypertrophy,150,FALSE,0.4,flat,1,reversable defect,1
61,Male,asymptomatic,120,260,FALSE,normal,140,TRUE,3.6,flat,1,reversable defect,2
39,Male,asymptomatic,118,219,FALSE,normal,140,FALSE,1.2,flat,0,reversable defect,3
61,Female,asymptomatic,145,307,FALSE,lv hypertrophy,146,TRUE,1,flat,0,reversable defect,1
56,Male,asymptomatic,125,249,TRUE,lv hypertrophy,144,TRUE,1.2,flat,1,normal,1
52,Male,typical angina,118,186,FALSE,lv hypertrophy,190,FALSE,0,flat,0,fixed defect,0
43,Female,asymptomatic,132,341,TRUE,lv hypertrophy,136,TRUE,3,flat,0,reversable defect,2
62,Female,non-anginal,130,263,FALSE,normal,97,FALSE,1.2,flat,1,reversable defect,2
41,Male,atypical angina,135,203,FALSE,normal,132,FALSE,0,flat,0,fixed defect,0
58,Male,non-anginal,140,211,TRUE,lv hypertrophy,165,FALSE,0,upsloping,0,normal,0
35,Female,asymptomatic,138,183,FALSE,normal,182,FALSE,1.4,upsloping,0,normal,0
63,Male,asymptomatic,130,330,TRUE,lv hypertrophy,132,TRUE,1.8,upsloping,3,reversable defect,3
65,Male,asymptomatic,135,254,FALSE,lv hypertrophy,127,FALSE,2.8,flat,1,reversable defect,2
48,Male,asymptomatic,130,256,TRUE,lv hypertrophy,150,TRUE,0,upsloping,2,reversable defect,3
63,Female,asymptomatic,150,407,FALSE,lv hypertrophy,154,FALSE,4,flat,3,reversable defect,4
51,Male,non-anginal,100,222,FALSE,normal,143,TRUE,1.2,flat,0,normal,0
55,Male,asymptomatic,140,217,FALSE,normal,111,TRUE,5.6,downsloping,0,reversable defect,3
65,Male,typical angina,138,282,TRUE,lv hypertrophy,174,FALSE,1.4,flat,1,normal,1
45,Female,atypical angina,130,234,FALSE,lv hypertrophy,175,FALSE,0.6,flat,0,normal,0
56,Female,asymptomatic,200,288,TRUE,lv hypertrophy,133,TRUE,4,downsloping,2,reversable defect,3
54,Male,asymptomatic,110,239,FALSE,normal,126,TRUE,2.8,flat,1,reversable defect,3
44,Male,atypical angina,120,220,FALSE,normal,170,FALSE,0,upsloping,0,normal,0
62,Female,asymptomatic,124,209,FALSE,normal,163,FALSE,0,upsloping,0,normal,0
54,Male,non-anginal,120,258,FALSE,lv hypertrophy,147,FALSE,0.4,flat,0,reversable defect,0
51,Male,non-anginal,94,227,FALSE,normal,154,TRUE,0,upsloping,1,reversable defect,0
29,Male,atypical angina,130,204,FALSE,lv hypertrophy,202,FALSE,0,upsloping,0,normal,0
51,Male,asymptomatic,140,261,FALSE,lv hypertrophy,186,TRUE,0,upsloping,0,normal,0
43,Female,non-anginal,122,213,FALSE,normal,165,FALSE,0.2,flat,0,normal,0
55,Female,atypical angina,135,250,FALSE,lv hypertrophy,161,FALSE,1.4,flat,0,normal,0
70,Male,asymptomatic,145,174,FALSE,normal,125,TRUE,2.6,downsloping,0,reversable defect,4
62,Male,atypical angina,120,281,FALSE,lv hypertrophy,103,FALSE,1.4,flat,1,reversable defect,3
35,Male,asymptomatic,120,198,FALSE,normal,130,TRUE,1.6,flat,0,reversable defect,1
51,Male,non-anginal,125,245,TRUE,lv hypertrophy,166,FALSE,2.4,flat,0,normal,0
59,Male,atypical angina,140,221,FALSE,normal,164,TRUE,0,upsloping,0,normal,0
59,Male,typical angina,170,288,FALSE,lv hypertrophy,159,FALSE,0.2,flat,0,reversable defect,1
52,Male,atypical angina,128,205,TRUE,normal,184,FALSE,0,upsloping,0,normal,0
64,Male,non-anginal,125,309,FALSE,normal,131,TRUE,1.8,flat,0,reversable defect,1
58,Male,non-anginal,105,240,FALSE,lv hypertrophy,154,TRUE,0.6,flat,0,reversable defect,0
47,Male,non-anginal,108,243,FALSE,normal,152,FALSE,0,upsloping,0,normal,1
57,Male,asymptomatic,165,289,TRUE,lv hypertrophy,124,FALSE,1,flat,3,reversable defect,4
41,Male,non-anginal,112,250,FALSE,normal,179,FALSE,0,upsloping,0,normal,0
45,Male,atypical angina,128,308,FALSE,lv hypertrophy,170,FALSE,0,upsloping,0,normal,0
60,Female,non-anginal,102,318,FALSE,normal,160,FALSE,0,upsloping,1,normal,0
52,Male,typical angina,152,298,TRUE,normal,178,FALSE,1.2,flat,0,reversable defect,0
42,Female,asymptomatic,102,265,FALSE,lv hypertrophy,122,FALSE,0.6,flat,0,normal,0
67,Female,non-anginal,115,564,FALSE,lv hypertrophy,160,FALSE,1.6,flat,0,reversable defect,0
55,Male,asymptomatic,160,289,FALSE,lv hypertrophy,145,TRUE,0.8,flat,1,reversable defect,4
64,Male,asymptomatic,120,246,FALSE,lv hypertrophy,96,TRUE,2.2,downsloping,1,normal,3
70,Male,asymptomatic,130,322,FALSE,lv hypertrophy,109,FALSE,2.4,flat,3,normal,1
51,Male,asymptomatic,140,299,FALSE,normal,173,TRUE,1.6,upsloping,0,reversable defect,1
58,Male,asymptomatic,125,300,FALSE,lv hypertrophy,171,FALSE,0,upsloping,2,reversable defect,1
60,Male,asymptomatic,140,293,FALSE,lv hypertrophy,170,FALSE,1.2,flat,2,reversable defect,2
68,Male,non-anginal,118,277,FALSE,normal,151,FALSE,1,upsloping,1,reversable defect,0
46,Male,atypical angina,101,197,TRUE,normal,156,FALSE,0,upsloping,0,reversable defect,0
77,Male,asymptomatic,125,304,FALSE,lv hypertrophy,162,TRUE,0,upsloping,3,normal,4
54,Female,non-anginal,110,214,FALSE,normal,158,FALSE,1.6,flat,0,normal,0
58,Female,asymptomatic,100,248,FALSE,lv hypertrophy,122,FALSE,1,flat,0,normal,0
48,Male,non-anginal,124,255,TRUE,normal,175,FALSE,0,upsloping,2,normal,0
57,Male,asymptomatic,132,207,FALSE,normal,168,TRUE,0,upsloping,0,reversable defect,0
54,Female,atypical angina,132,288,TRUE,lv hypertrophy,159,TRUE,0,upsloping,1,normal,0
35,Male,asymptomatic,126,282,FALSE,lv hypertrophy,156,TRUE,0,upsloping,0,reversable defect,1
45,Female,atypical angina,112,160,FALSE,normal,138,FALSE,0,flat,0,normal,0
70,Male,non-anginal,160,269,FALSE,normal,112,TRUE,2.9,flat,1,reversable defect,3
53,Male,asymptomatic,142,226,FALSE,lv hypertrophy,111,TRUE,0,upsloping,0,reversable defect,0
59,Female,asymptomatic,174,249,FALSE,normal,143,TRUE,0,flat,0,normal,1
62,Female,asymptomatic,140,394,FALSE,lv hypertrophy,157,FALSE,1.2,flat,0,normal,0
64,Male,asymptomatic,145,212,FALSE,lv hypertrophy,132,FALSE,2,flat,2,fixed defect,4
57,Male,asymptomatic,152,274,FALSE,normal,88,TRUE,1.2,flat,1,reversable defect,1
52,Male,asymptomatic,108,233,TRUE,normal,147,FALSE,0.1,upsloping,3,reversable defect,0
56,Male,asymptomatic,132,184,FALSE,lv hypertrophy,105,TRUE,2.1,flat,1,fixed defect,1
43,Male,non-anginal,130,315,FALSE,normal,162,FALSE,1.9,upsloping,1,normal,0
53,Male,non-anginal,130,246,TRUE,lv hypertrophy,173,FALSE,0,upsloping,3,normal,0
48,Male,asymptomatic,124,274,FALSE,lv hypertrophy,166,FALSE,0.5,flat,0,reversable defect,3
56,Female,asymptomatic,134,409,FALSE,lv hypertrophy,150,TRUE,1.9,flat,2,reversable defect,2
42,Male,typical angina,148,244,FALSE,lv hypertrophy,178,FALSE,0.8,upsloping,2,normal,0
59,Male,typical angina,178,270,FALSE,lv hypertrophy,145,FALSE,4.2,downsloping,0,reversable defect,0
60,Female,asymptomatic,158,305,FALSE,lv hypertrophy,161,FALSE,0,upsloping,0,normal,1
63,Female,atypical angina,140,195,FALSE,normal,179,FALSE,0,upsloping,2,normal,0
42,Male,non-anginal,120,240,TRUE,normal,194,FALSE,0.8,downsloping,0,reversable defect,0
66,Male,atypical angina,160,246,FALSE,normal,120,TRUE,0,flat,3,fixed defect,2
54,Male,atypical angina,192,283,FALSE,lv hypertrophy,195,FALSE,0,upsloping,1,reversable defect,1
69,Male,non-anginal,140,254,FALSE,lv hypertrophy,146,FALSE,2,flat,3,reversable defect,2
50,Male,non-anginal,129,196,FALSE,normal,163,FALSE,0,upsloping,0,normal,0
51,Male,asymptomatic,140,298,FALSE,normal,122,TRUE,4.2,flat,3,reversable defect,3
62,Female,asymptomatic,138,294,TRUE,normal,106,FALSE,1.9,flat,3,normal,2
68,Female,non-anginal,120,211,FALSE,lv hypertrophy,115,FALSE,1.5,flat,0,normal,0
67,Male,asymptomatic,100,299,FALSE,lv hypertrophy,125,TRUE,0.9,flat,2,normal,3
69,Male,typical angina,160,234,TRUE,lv hypertrophy,131,FALSE,0.1,flat,1,normal,0
45,Female,asymptomatic,138,236,FALSE,lv hypertrophy,152,TRUE,0.2,flat,0,normal,0
50,Female,atypical angina,120,244,FALSE,normal,162,FALSE,1.1,upsloping,0,normal,0
59,Male,typical angina,160,273,FALSE,lv hypertrophy,125,FALSE,0,upsloping,0,normal,1
50,Female,asymptomatic,110,254,FALSE,lv hypertrophy,159,FALSE,0,upsloping,0,normal,0
64,Female,asymptomatic,180,325,FALSE,normal,154,TRUE,0,upsloping,0,normal,0
57,Male,non-anginal,150,126,TRUE,normal,173,FALSE,0.2,upsloping,1,reversable defect,0
64,Female,non-anginal,140,313,FALSE,normal,133,FALSE,0.2,upsloping,0,reversable defect,0
43,Male,asymptomatic,110,211,FALSE,normal,161,FALSE,0,upsloping,0,reversable defect,0
45,Male,asymptomatic,142,309,FALSE,lv hypertrophy,147,TRUE,0,flat,3,reversable defect,3
58,Male,asymptomatic,128,259,FALSE,lv hypertrophy,130,TRUE,3,flat,2,reversable defect,3
50,Male,asymptomatic,144,200,FALSE,lv hypertrophy,126,TRUE,0.9,flat,0,reversable defect,3
55,Male,atypical angina,130,262,FALSE,normal,155,FALSE,0,upsloping,0,normal,0
62,Female,asymptomatic,150,244,FALSE,normal,154,TRUE,1.4,flat,0,normal,1
37,Female,non-anginal,120,215,FALSE,normal,170,FALSE,0,upsloping,0,normal,0
38,Male,typical angina,120,231,FALSE,normal,182,TRUE,3.8,flat,0,reversable defect,4
41,Male,non-anginal,130,214,FALSE,lv hypertrophy,168,FALSE,2,flat,0,normal,0
66,Female,asymptomatic,178,228,TRUE,normal,165,TRUE,1,flat,2,reversable defect,3
52,Male,asymptomatic,112,230,FALSE,normal,160,FALSE,0,upsloping,1,normal,1
56,Male,typical angina,120,193,FALSE,lv hypertrophy,162,FALSE,1.9,flat,0,reversable defect,0
46,Female,atypical angina,105,204,FALSE,normal,172,FALSE,0,upsloping,0,normal,0
46,Female,asymptomatic,138,243,FALSE,lv hypertrophy,152,TRUE,0,flat,0,normal,0
64,Female,asymptomatic,130,303,FALSE,normal,122,FALSE,2,flat,2,normal,0
59,Male,asymptomatic,138,271,FALSE,lv hypertrophy,182,FALSE,0,upsloping,0,normal,0
41,Female,non-anginal,112,268,FALSE,lv hypertrophy,172,TRUE,0,upsloping,0,normal,0
54,Female,non-anginal,108,267,FALSE,lv hypertrophy,167,FALSE,0,upsloping,0,normal,0
39,Female,non-anginal,94,199,FALSE,normal,179,FALSE,0,upsloping,0,normal,0
53,Male,asymptomatic,123,282,FALSE,normal,95,TRUE,2,flat,2,reversable defect,3
63,Female,asymptomatic,108,269,FALSE,normal,169,TRUE,1.8,flat,2,normal,1
34,Female,atypical angina,118,210,FALSE,normal,192,FALSE,0.7,upsloping,0,normal,0
47,Male,asymptomatic,112,204,FALSE,normal,143,FALSE,0.1,upsloping,0,normal,0
67,Female,non-anginal,152,277,FALSE,normal,172,FALSE,0,upsloping,1,normal,0
54,Male,asymptomatic,110,206,FALSE,lv hypertrophy,108,TRUE,0,flat,1,normal,3
66,Male,asymptomatic,112,212,FALSE,lv hypertrophy,132,TRUE,0.1,upsloping,1,normal,2
52,Female,non-anginal,136,196,FALSE,lv hypertrophy,169,FALSE,0.1,flat,0,normal,0
55,Female,asymptomatic,180,327,FALSE,st-t abnormality,117,TRUE,3.4,flat,0,normal,2
49,Male,non-anginal,118,149,FALSE,lv hypertrophy,126,FALSE,0.8,upsloping,3,normal,1
74,Female,atypical angina,120,269,FALSE,lv hypertrophy,121,TRUE,0.2,upsloping,1,normal,0
54,Female,non-anginal,160,201,FALSE,normal,163,FALSE,0,upsloping,1,normal,0
54,Male,asymptomatic,122,286,FALSE,lv hypertrophy,116,TRUE,3.2,flat,2,normal,3
56,Male,asymptomatic,130,283,TRUE,lv hypertrophy,103,TRUE,1.6,downsloping,0,reversable defect,2
46,Male,asymptomatic,120,249,FALSE,lv hypertrophy,144,FALSE,0.8,upsloping,0,reversable defect,1
49,Female,atypical angina,134,271,FALSE,normal,162,FALSE,0,flat,0,normal,0
42,Male,atypical angina,120,295,FALSE,normal,162,FALSE,0,upsloping,0,normal,0
41,Male,atypical angina,110,235,FALSE,normal,153,FALSE,0,upsloping,0,normal,0
41,Female,atypical angina,126,306,FALSE,normal,163,FALSE,0,upsloping,0,normal,0
49,Female,asymptomatic,130,269,FALSE,normal,163,FALSE,0,upsloping,0,normal,0
61,Male,typical angina,134,234,FALSE,normal,145,FALSE,2.6,flat,2,normal,2
60,Female,non-anginal,120,178,TRUE,normal,96,FALSE,0,upsloping,0,normal,0
67,Male,asymptomatic,120,237,FALSE,normal,71,FALSE,1,flat,0,normal,2
58,Male,asymptomatic,100,234,FALSE,normal,156,FALSE,0.1,upsloping,1,reversable defect,2
47,Male,asymptomatic,110,275,FALSE,lv hypertrophy,118,TRUE,1,flat,1,normal,1
52,Male,asymptomatic,125,212,FALSE,normal,168,FALSE,1,upsloping,2,reversable defect,3
62,Male,atypical angina,128,208,TRUE,lv hypertrophy,140,FALSE,0,upsloping,0,normal,0
57,Male,asymptomatic,110,201,FALSE,normal,126,TRUE,1.5,flat,0,fixed defect,0
58,Male,asymptomatic,146,218,FALSE,normal,105,FALSE,2,flat,1,reversable defect,1
64,Male,asymptomatic,128,263,FALSE,normal,105,TRUE,0.2,flat,1,reversable defect,0
51,Female,non-anginal,120,295,FALSE,lv hypertrophy,157,FALSE,0.6,upsloping,0,normal,0
43,Male,asymptomatic,115,303,FALSE,normal,181,FALSE,1.2,flat,0,normal,0
42,Female,non-anginal,120,209,FALSE,normal,173,FALSE,0,flat,0,normal,0
67,Female,asymptomatic,106,223,FALSE,normal,142,FALSE,0.3,upsloping,2,normal,0
76,Female,non-anginal,140,197,FALSE,st-t abnormality,116,FALSE,1.1,flat,0,normal,0
70,Male,atypical angina,156,245,FALSE,lv hypertrophy,143,FALSE,0,upsloping,0,normal,0
57,Male,atypical angina,124,261,FALSE,normal,141,FALSE,0.3,upsloping,0,reversable defect,1
44,Female,non-anginal,118,242,FALSE,normal,149,FALSE,0.3,flat,1,normal,0
58,Female,atypical angina,136,319,TRUE,lv hypertrophy,152,FALSE,0,upsloping,2,normal,3
60,Female,typical angina,150,240,FALSE,normal,171,FALSE,0.9,upsloping,0,normal,0
44,Male,non-anginal,120,226,FALSE,normal,169,FALSE,0,upsloping,0,normal,0
61,Male,asymptomatic,138,166,FALSE,lv hypertrophy,125,TRUE,3.6,flat,1,normal,4
42,Male,asymptomatic,136,315,FALSE,normal,125,TRUE,1.8,flat,0,fixed defect,2
59,Male,non-anginal,126,218,TRUE,normal,134,FALSE,2.2,flat,1,fixed defect,2
40,Male,asymptomatic,152,223,FALSE,normal,181,FALSE,0,upsloping,0,reversable defect,1
42,Male,non-anginal,130,180,FALSE,normal,150,FALSE,0,upsloping,0,normal,0
61,Male,asymptomatic,140,207,FALSE,lv hypertrophy,138,TRUE,1.9,upsloping,1,reversable defect,1
66,Male,asymptomatic,160,228,FALSE,lv hypertrophy,138,FALSE,2.3,upsloping,0,fixed defect,0
46,Male,asymptomatic,140,311,FALSE,normal,120,TRUE,1.8,flat,2,reversable defect,2
71,Female,asymptomatic,112,149,FALSE,normal,125,FALSE,1.6,flat,0,normal,0
59,Male,typical angina,134,204,FALSE,normal,162,FALSE,0.8,upsloping,2,normal,1
64,Male,typical angina,170,227,FALSE,lv hypertrophy,155,FALSE,0.6,flat,0,reversable defect,0
66,Female,non-anginal,146,278,FALSE,lv hypertrophy,152,FALSE,0,flat,1,normal,0
39,Female,non-anginal,138,220,FALSE,normal,152,FALSE,0,flat,0,normal,0
57,Male,atypical angina,154,232,FALSE,lv hypertrophy,164,FALSE,0,upsloping,1,normal,1
58,Female,asymptomatic,130,197,FALSE,normal,131,FALSE,0.6,flat,0,normal,0
57,Male,asymptomatic,110,335,FALSE,normal,143,TRUE,3,flat,1,reversable defect,2
47,Male,non-anginal,130,253,FALSE,normal,179,FALSE,0,upsloping,0,normal,0
55,Female,asymptomatic,128,205,FALSE,st-t abnormality,130,TRUE,2,flat,1,reversable defect,3
35,Male,atypical angina,122,192,FALSE,normal,174,FALSE,0,upsloping,0,normal,0
61,Male,asymptomatic,148,203,FALSE,normal,161,FALSE,0,upsloping,1,reversable defect,2
58,Male,asymptomatic,114,318,FALSE,st-t abnormality,140,FALSE,4.4,downsloping,3,fixed defect,4
58,Female,asymptomatic,170,225,TRUE,lv hypertrophy,146,TRUE,2.8,flat,2,fixed defect,2
56,Male,atypical angina,130,221,FALSE,lv hypertrophy,163,FALSE,0,upsloping,0,reversable defect,0
56,Male,atypical angina,120,240,FALSE,normal,169,FALSE,0,downsloping,0,normal,0
67,Male,non-anginal,152,212,FALSE,lv hypertrophy,150,FALSE,0.8,flat,0,reversable defect,1
55,Female,atypical angina,132,342,FALSE,normal,166,FALSE,1.2,upsloping,0,normal,0
44,Male,asymptomatic,120,169,FALSE,normal,144,TRUE,2.8,downsloping,0,fixed defect,2
63,Male,asymptomatic,140,187,FALSE,lv hypertrophy,144,TRUE,4,upsloping,2,reversable defect,2
63,Female,asymptomatic,124,197,FALSE,normal,136,TRUE,0,flat,0,normal,1
41,Male,atypical angina,120,157,FALSE,normal,182,FALSE,0,upsloping,0,normal,0
59,Male,asymptomatic,164,176,TRUE,lv hypertrophy,90,FALSE,1,flat,2,fixed defect,3
57,Female,asymptomatic,140,241,FALSE,normal,123,TRUE,0.2,flat,0,reversable defect,1
45,Male,typical angina,110,264,FALSE,normal,132,FALSE,1.2,flat,0,reversable defect,1
68,Male,asymptomatic,144,193,TRUE,normal,141,FALSE,3.4,flat,2,reversable defect,2
57,Male,asymptomatic,130,131,FALSE,normal,115,TRUE,1.2,flat,1,reversable defect,3
57,Female,atypical angina,130,236,FALSE,lv hypertrophy,174,FALSE,0,flat,1,normal,1
